,stress,joblose,satfin
stress,0.9999999999999998,0.05441895580260455,-0.07383764938585559
joblose,0.05441895580260456,1.0,-0.1735380770746345
satfin,-0.0738376493858556,-0.1735380770746345,1.0
